[{"pk": 1, "model": "anticms.menuitemext", "fields": {"caption": "\u0420\u0435\u0433\u0438\u0441\u0442\u0440\u0430\u0446\u0438\u044f", "menu_item": 2, "template": 2, "language": "ru"}}, {"pk": 4, "model": "anticms.menuitemext", "fields": {"caption": "Lighting Talks", "menu_item": 5, "template": 4, "language": "ru"}}, {"pk": 3, "model": "anticms.menuitemext", "fields": {"caption": "\u041a\u0430\u043a \u0434\u043e\u0431\u0440\u0430\u0442\u044c\u0441\u044f \u0438 \u0433\u0434\u0435 \u0436\u0438\u0442\u044c", "menu_item": 4, "template": 3, "language": "ru"}}, {"pk": 2, "model": "anticms.menuitemext", "fields": {"caption": "\u041e \u0412\u043e\u0440\u043e\u043d\u0435\u0436\u0435", "menu_item": 3, "template": null, "language": "ru"}}, {"pk": 1, "model": "treemenus.menuitem", "fields": {"parent": null, "level": 0, "url": "", "menu": 1, "rank": 0, "caption": "root", "named_url": ""}}, {"pk": 2, "model": "treemenus.menuitem", "fields": {"parent": 1, "level": 1, "url": "/register", "menu": 1, "rank": 0, "caption": "\u0420\u0435\u0433\u0438\u0441\u0442\u0440\u0430\u0446\u0438\u044f", "named_url": "register"}}, {"pk": 3, "model": "treemenus.menuitem", "fields": {"parent": 1, "level": 1, "url": "/voronezh", "menu": 1, "rank": 3, "caption": "\u041e \u0412\u043e\u0440\u043e\u043d\u0435\u0436\u0435", "named_url": "voronezh"}}, {"pk": 4, "model": "treemenus.menuitem", "fields": {"parent": 1, "level": 1, "url": "/accommodation", "menu": 1, "rank": 2, "caption": "\u041a\u0430\u043a \u0434\u043e\u0431\u0440\u0430\u0442\u044c\u0441\u044f", "named_url": "accommodation"}}, {"pk": 5, "model": "treemenus.menuitem", "fields": {"parent": 1, "level": 1, "url": "/lt", "menu": 1, "rank": 1, "caption": "Lighting talks", "named_url": "lt"}}, {"pk": 1, "model": "treemenus.menu", "fields": {"root_item": 1, "name": "main"}}, {"pk": 3, "model": "dbtemplates.template", "fields": {"content": "{% extends 'site_base.html' %}\r\n{% block content %}\r\n\r\n<h3>\u0418\u0437 \u041c\u043e\u0441\u043a\u0432\u044b</h3>\r\n\r\n<p><span class=\"price\">3 800 \u0440\u0443\u0431.</span> <a href=\"http://nano.aviasales.ru/searches/16559092\">\u043d\u0430 \u0441\u0430\u043c\u043e\u043b\u0435\u0442\u0435</a> \u0442\u0443\u0434\u0430-\u043e\u0431\u0440\u0430\u0442\u043d\u043e, 1 \u0447\u0430\u0441 30 \u043c\u0438\u043d\u0443\u0442</p>\r\n<p><span class=\"price\">2 000 \u0440\u0443\u0431.</span> \u043d\u0430 \u043f\u043e\u0435\u0437\u0434\u0435 (\u043a\u0443\u043f\u0435) \u0442\u0443\u0434\u0430-\u043e\u0431\u0440\u0430\u0442\u043d\u043e, 10 \u0447\u0430\u0441\u043e\u0432</p>\r\n \r\n<h3>\u0418\u0437 \u041f\u0435\u0442\u0435\u0440\u0431\u0443\u0440\u0433\u0430</h3>\r\n\r\n<p><span class=\"price\">7 800 \u0440\u0443\u0431.</span> <a href=\"http://nano.aviasales.ru/searches/16560160\">\u043d\u0430 \u0441\u0430\u043c\u043e\u043b\u0435\u0442\u0435</a> \u0442\u0443\u0434\u0430-\u043e\u0431\u0440\u0430\u0442\u043d\u043e, 6 \u0447\u0430\u0441\u043e\u0432 45 \u043c\u0438\u043d\u0443\u0442</p>\r\n<p><span class=\"price\">3 300 \u0440\u0443\u0431.</span> \u043d\u0430 \u043f\u043e\u0435\u0437\u0434\u0435 (\u043a\u0443\u043f\u0435) \u0442\u0443\u0434\u0430-\u043e\u0431\u0440\u0430\u0442\u043d\u043e, 22 \u0447\u0430\u0441\u0430</p>\r\n\r\n<h3>\u0412 \u0412\u043e\u0440\u043e\u043d\u0435\u0436\u0435</h3>\r\n<p>\u0433. \u0412\u043e\u0440\u043e\u043d\u0435\u0436, <a href=\"http://maps.yandex.ru/-/CBquQEpi\">\u0443\u043b. \u0414\u0440\u0443\u0436\u0438\u043d\u043d\u0438\u043a\u043e\u0432, 8</a>. \u0418\u043d\u0441\u0442\u0438\u0442\u0443\u0442 \u043c\u0435\u043d\u0435\u0434\u0436\u043c\u0435\u043d\u0442\u0430, \u043c\u0430\u0440\u043a\u0435\u0442\u0438\u043d\u0433\u0430 \u0438 \u0444\u0438\u043d\u0430\u043d\u0441\u043e\u0432, 2-\u0439 \u043a\u043e\u0440\u043f\u0443\u0441.</p>\r\n\r\n<p>\u041e\u0441\u0442\u0430\u043d\u043e\u0432\u043a\u0430 \u0442\u0440\u0430\u043d\u0441\u043f\u043e\u0440\u0442\u0430 \u2014 \u00ab\u041f\u043e\u043b\u0438\u0442\u0435\u0445\u043d\u0438\u0447\u0435\u0441\u043a\u0438\u0439 \u0443\u043d\u0438\u0432\u0435\u0440\u0441\u0438\u0442\u0435\u0442\u00bb.</p>\r\n\r\n{% endblock %}", "sites": [], "last_changed": "2011-10-14 17:12:12", "name": "mm_core/accommodation.html", "creation_date": "2011-10-09 20:37:35"}}, {"pk": 1, "model": "dbtemplates.template", "fields": {"content": "{% extends 'base.html' %}\r\n\r\n{% block body %}\r\n<h1>Mobile meetup: \u0412\u043e\u0440\u043e\u043d\u0435\u0436</h1>\r\n{% endblock %}", "sites": [], "last_changed": "2011-09-27 10:25:35", "name": "mm_core/index.html", "creation_date": "2011-09-27 10:24:50"}}, {"pk": 4, "model": "dbtemplates.template", "fields": {"content": "{% extends 'site_base.html' %}\r\n{% load email %}\r\n\r\n{% block content %}\r\n<p><a href=\"http://en.wikipedia.org/wiki/Lightning_Talk\">Lighting Talk</a> \u2014 \u043f\u044f\u0442\u0438\u043c\u0438\u043d\u0443\u0442\u043d\u0430\u044f \u043f\u0440\u0435\u0437\u0435\u043d\u0442\u0430\u0446\u0438\u044f \u0443 \u0444\u043b\u0438\u043f\u0447\u0430\u0440\u0442\u0430.</p>\r\n\r\n<p>\u041e\u043f\u0440\u0435\u0434\u0435\u043b\u0435\u043d\u043d\u043e, \u0437\u0430 \u043f\u044f\u0442\u044c \u043c\u0438\u043d\u0443\u0442 \u0440\u0430\u0441\u043a\u0440\u044b\u0442\u044c \u043a\u0430\u043a\u0443\u044e-\u043b\u0438\u0431\u043e \u0442\u0435\u043c\u0443 \u043d\u0435\u0432\u043e\u0437\u043c\u043e\u0436\u043d\u043e. \u0426\u0435\u043b\u044c \u043b\u0430\u0439\u0442\u0438\u043d\u0433 \u0442\u043e\u043b\u043a\u0430 \u2014 \u0440\u0430\u0441\u0441\u043a\u0430\u0437\u0430\u0442\u044c \u043b\u044e\u0434\u044f\u043c \u0447\u0435\u043c \u0432\u044b \u0437\u0430\u043d\u0438\u043c\u0430\u0435\u0442\u0435\u0441\u044c \u0438 \u0437\u0430\u0432\u044f\u0437\u0430\u0442\u044c \u0434\u0430\u043b\u044c\u043d\u0435\u0439\u0448\u0438\u0439 \u0434\u0438\u0430\u043b\u043e\u0433 \u0441 \u0442\u0435\u043c\u0438 \u043a\u043e\u043c\u0443 \u0438\u043d\u0442\u0435\u0440\u0435\u0441\u043d\u043e.</p>\r\n\r\n<p>\u0415\u0441\u0442\u044c \u0447\u0442\u043e \u0440\u0430\u0441\u0441\u043a\u0430\u0437\u0430\u0442\u044c? \u041f\u0438\u0448\u0438\u0442\u0435 \u043d\u0430 <a href=\"{{ 'me@alarin.ru'|email_encode }}\">{{ 'me@alarin.ru'|email_encode:0 }}</a>.</p>\r\n\r\n<h3>\u0420\u0430\u0441\u0441\u043a\u0430\u0436\u0443\u0442 \u0432 \u043e\u0431\u0435\u0434</h3>\r\n<ul class=\"lightingtalks\">\r\n    <li><a href=\"http://alarin.ru\">\u0410\u043d\u0430\u0442\u043e\u043b\u0438\u0439 \u041b\u0430\u0440\u0438\u043d</a> \u2014 \u0430\u0432\u0442\u043e\u043c\u0430\u0442\u0438\u0437\u0438\u0440\u043e\u0432\u0430\u043d\u043d\u043e\u0435 \u0442\u0435\u0441\u0442\u0438\u0440\u043e\u0432\u0430\u043d\u0438\u0435 \u043c\u043e\u0431\u0438\u043b\u044c\u043d\u044b\u0445 \u043f\u0440\u0438\u043b\u043e\u0436\u0435\u043d\u0438\u0439 (UIAutomation, TestDroid).</li>\r\n</ul>\r\n\r\n{% endblock %}", "sites": [], "last_changed": "2011-10-14 17:27:48", "name": "mm_core/lt.html", "creation_date": "2011-10-14 17:19:14"}}, {"pk": 2, "model": "dbtemplates.template", "fields": {"content": "{% extends 'site_base.html' %}\r\n\r\n{% block title %}\u0420\u0435\u0433\u0438\u0441\u0442\u0440\u0430\u0446\u0438\u044f{% endblock %}\r\n{% block content %}\r\n<div id=\"eventreg13313\" class=\"register_form\"><iframe src=\"http://touchinstinct.timepad.ru/api/geteventreg/13313/iframe=true\" style=\"border-width:0px\" width=\"500\" height=\"700\"></iframe><img style=\"display:none\" src=\"http://touchinstinct.timepad.ru/stat/image/event_reg_widget_show/13313\" /></div>\r\n{% endblock %}\r\n", "sites": [], "last_changed": "2011-10-09 20:31:32", "name": "mm_core/register.html", "creation_date": "2011-10-09 19:29:21"}}, {"pk": 1, "model": "conference.company", "fields": {"logo": "", "site": "http://microsoft.com/", "title": "Microsoft"}}, {"pk": 2, "model": "conference.company", "fields": {"logo": "companies/dataart_logo.png", "site": "http://dataart.ru/", "title": "DataArt"}}, {"pk": 3, "model": "conference.company", "fields": {"logo": "companies/ti_logo.png", "site": "http://touchinstinct.ru/", "title": "Touch Instinct"}}, {"pk": 4, "model": "conference.company", "fields": {"logo": "", "site": "http://www.i-free.com/", "title": "i-Free"}}, {"pk": 5, "model": "conference.company", "fields": {"logo": "", "site": "http://www.nevosoft.ru/", "title": "Nevosoft"}}, {"pk": 1, "model": "conference.speaker", "fields": {"first_name": "\u0412\u043b\u0430\u0434\u0438\u043c\u0438\u0440", "last_name": "\u041a\u043e\u043b\u0435\u0441\u043d\u0438\u043a\u043e\u0432", "description": "", "photo": "speakers/Vladimir_Kolesnikov.png", "company": 1, "site": ""}}, {"pk": 2, "model": "conference.speaker", "fields": {"first_name": "\u0410\u043d\u0434\u0440\u0435\u0439", "last_name": "\u0411\u0430\u0441\u043a\u043e\u0432", "description": "", "photo": "speakers/198509_10150150629947969_733002968_6489843_3050934_n.png", "company": 3, "site": ""}}, {"pk": 3, "model": "conference.speaker", "fields": {"first_name": "\u0418\u043b\u044c\u044f", "last_name": "\u0427\u0435\u0440\u043d\u0435\u0446\u043a\u0438\u0439", "description": "", "photo": "speakers/x_54dffc62.png", "company": 4, "site": ""}}, {"pk": 4, "model": "conference.speaker", "fields": {"first_name": "\u0413\u0440\u0438\u0433\u043e\u0440\u0438\u0439", "last_name": "\u0411\u0443\u0442\u0435\u0439\u043a\u043e", "description": "", "photo": "speakers/a_e823c2ea.png", "company": 2, "site": ""}}, {"pk": 5, "model": "conference.speaker", "fields": {"first_name": "\u0414\u0435\u043d\u0438\u0441", "last_name": "\u041c\u0430\u0440\u0433\u043e\u043b\u0438\u043d", "description": "", "photo": "speakers/Denis-Margolin.png", "company": 2, "site": ""}}, {"pk": 4, "model": "conference.lecture", "fields": {"end": "12:00:00", "description": "\u041c\u044b \u0437\u043d\u0430\u0435\u043c \u0442\u0440\u0438 \u0441\u0435\u043a\u0440\u0435\u0442\u0430 \u0445\u043e\u0440\u043e\u0448\u0435\u0439 \u043a\u043e\u043d\u0444\u0435\u0440\u0435\u043d\u0446\u0438\u0438: \u0431\u044b\u0441\u0442\u0440\u044b\u0439 WiFi, \u0437\u0430\u0432\u0430\u0440\u043d\u043e\u0439 \u043a\u043e\u0444\u0435 \u0438 \u043e\u0431\u0449\u0435\u043d\u0438\u0435. \u0412\u0441\u0435 \u0431\u0443\u0434\u0435\u0442 :)", "title": "\u0420\u0435\u0433\u0438\u0441\u0442\u0440\u0430\u0446\u0438\u044f \u0438 \u043a\u043e\u0444\u0435-\u0431\u0440\u0435\u0439\u043a", "is_disabled": false, "start": "2011-11-26 11:00:00", "speaker": null, "is_brake": true}}, {"pk": 9, "model": "conference.lecture", "fields": {"end": "12:40:00", "description": "", "title": "\u0420\u044b\u043d\u043e\u043a \u043c\u043e\u0431\u0438\u043b\u044c\u043d\u043e\u0439 \u0440\u0430\u0437\u0440\u0430\u0431\u043e\u0442\u043a\u0438. \u0412\u0432\u0435\u0434\u0435\u043d\u0438\u0435", "is_disabled": false, "start": "2011-11-26 12:00:00", "speaker": 5, "is_brake": false}}, {"pk": 1, "model": "conference.lecture", "fields": {"end": "13:20:00", "description": "", "title": "\u0420\u0430\u0437\u0440\u0430\u0431\u043e\u0442\u043a\u0430 \u043f\u0440\u0438\u043b\u043e\u0436\u0435\u043d\u0438\u0439 \u0438 \u0438\u0433\u0440 \u043f\u043e\u0434 Windows Phone", "is_disabled": false, "start": "2011-11-26 12:40:00", "speaker": 1, "is_brake": false}}, {"pk": 5, "model": "conference.lecture", "fields": {"end": "13:40:00", "description": "\u0434\u043e\u043f\u043e\u043b\u043d\u0438\u0442\u0435\u043b\u044c\u043d\u044b\u0435 \u0432\u043e\u043f\u0440\u043e\u0441\u044b \u0414\u0435\u043d\u0438\u0441\u0443 \u0438 \u0412\u043b\u0430\u0434\u0438\u043c\u0438\u0440\u0443", "title": "\u041a\u043e\u0444\u0435-\u0431\u0440\u0435\u0439\u043a", "is_disabled": false, "start": "2011-11-26 13:20:00", "speaker": null, "is_brake": true}}, {"pk": 10, "model": "conference.lecture", "fields": {"end": null, "description": "", "title": "\u0442\u0435\u043c\u0430 \u0443\u0442\u043e\u0447\u043d\u044f\u0435\u0442\u0441\u044f", "is_disabled": false, "start": "2011-11-26 13:40:00", "speaker": null, "is_brake": false}}, {"pk": 3, "model": "conference.lecture", "fields": {"end": "15:00:00", "description": "", "title": "\u041c\u043e\u0436\u043d\u043e \u043b\u0438 \u0437\u0430\u0440\u0430\u0431\u043e\u0442\u0430\u0442\u044c \u0432 AppStore?", "is_disabled": true, "start": "2011-11-26 14:20:00", "speaker": 3, "is_brake": false}}, {"pk": 11, "model": "conference.lecture", "fields": {"end": null, "description": "", "title": "\u0442\u0435\u043c\u0430 \u0443\u0442\u043e\u0447\u043d\u044f\u0435\u0442\u0441\u044f", "is_disabled": false, "start": "2011-11-26 14:20:00", "speaker": null, "is_brake": false}}, {"pk": 12, "model": "conference.lecture", "fields": {"end": null, "description": "", "title": "\u0442\u0435\u043c\u0430 \u0443\u0442\u043e\u0447\u043d\u044f\u0435\u0442\u0441\u044f", "is_disabled": false, "start": "2011-11-26 15:00:00", "speaker": null, "is_brake": false}}, {"pk": 6, "model": "conference.lecture", "fields": {"end": "16:30:00", "description": "<ul class=\"dashed\">\r\n<li>\u0432\u043a\u0443\u0441\u043d\u0430\u044f \u0435\u0434\u0430 \u0438 \u0437\u0430\u0432\u0430\u0440\u043d\u043e\u0439 \u043a\u043e\u0444\u0435</li>\r\n<li>\u043a\u0438\u043a\u0435\u0440 \u0438 xbox</li>\r\n<li>Lighting talks (5 \u043c\u0438\u043d\u0443\u0442\u043d\u044b\u0435 \u0434\u043e\u043a\u043b\u0430\u0434\u044b)</li>\r\n</ul>", "title": "\u041e\u0431\u0435\u0434 \u0438 <a href=\"/lt\">Lighting talks</a>", "is_disabled": false, "start": "2011-11-26 15:40:00", "speaker": null, "is_brake": true}}, {"pk": 2, "model": "conference.lecture", "fields": {"end": "18:00:00", "description": "", "title": "\u041c\u0430\u0441\u0442\u0435\u0440-\u043a\u043b\u0430\u0441\u0441: iPhone, Android \u0438 WP7 \u043f\u0440\u0438\u043b\u043e\u0436\u0435\u043d\u0438\u044f \u043d\u0430 C#", "is_disabled": false, "start": "2011-11-26 17:00:00", "speaker": 2, "is_brake": false}}, {"pk": 8, "model": "conference.lecture", "fields": {"end": "18:00:00", "description": "", "title": "\u041c\u0430\u0441\u0442\u0435\u0440-\u043a\u043b\u0430\u0441\u0441: \u041d\u0430\u0442\u0438\u0432\u043d\u044b\u0435 \u043f\u0440\u0438\u043b\u043e\u0436\u0435\u043d\u0438\u044f \u0434\u043b\u044f iPhone, Android \u0438 WP7", "is_disabled": false, "start": "2011-11-26 17:00:00", "speaker": 4, "is_brake": false}}, {"pk": 7, "model": "conference.lecture", "fields": {"end": null, "description": "", "title": "\u0422\u043e\u0440\u0436\u0435\u0441\u0442\u0432\u0435\u043d\u043d\u043e\u0435 \u0437\u0430\u043a\u0440\u044b\u0442\u0438\u0435 \u0438 \u0430\u0444\u0442\u0435\u043f\u0430\u0442\u0438", "is_disabled": false, "start": "2011-11-26 18:30:00", "speaker": null, "is_brake": true}}, {"pk": 1, "model": "conference.partner", "fields": {"comment": "", "logo": "partners/kechinov.gif", "section": null, "link": "http://mkechinov.ru/"}}, {"pk": 2, "model": "conference.partner", "fields": {"comment": "", "logo": "partners/droider.png", "section": null, "link": "http://droider.ru/"}}, {"pk": 3, "model": "conference.partner", "fields": {"comment": "", "logo": "partners/nomobilelogo.gif", "section": null, "link": "http://nomobile.ru/"}}, {"pk": 4, "model": "conference.partner", "fields": {"comment": "", "logo": "partners/logo_1.gif", "section": null, "link": "http://unova.ru/"}}]